cement,water,coarse_aggregate,fine_aggregate,age_days,strength
540.0,162.0,1040.0,676.0,28.0,79.99
540.0,162.0,1055.0,676.0,28.0,61.89
332.5,228.0,932.0,594.0,270.0,40.27
332.5,228.0,932.0,594.0,365.0,41.05
198.6,192.0,978.4,825.5,360.0,44.3
266.0,228.0,932.0,670.0,90.0,47.03
380.0,228.0,932.0,594.0,365.0,43.7
380.0,228.0,932.0,594.0,28.0,36.45
266.0,228.0,932.0,670.0,28.0,45.85
475.0,228.0,932.0,594.0,28.0,39.29
198.6,192.0,978.4,825.5,90.0,38.07
198.6,192.0,978.4,825.5,28.0,28.02
427.5,228.0,932.0,594.0,270.0,43.01
190.0,228.0,932.0,670.0,90.0,42.33
304.0,228.0,932.0,670.0,28.0,47.81
380.0,228.0,932.0,670.0,90.0,52.91
139.6,192.0,1047.0,806.9,90.0,39.36
342.0,228.0,932.0,670.0,365.0,56.14
380.0,228.0,932.0,594.0,90.0,40.56
475.0,228.0,932.0,594.0,180.0,42.62
427.5,228.0,932.0,594.0,180.0,41.84
139.6,192.0,1047.0,806.9,28.0,28.24
139.6,192.0,1047.0,806.9,3.0,8.06
139.6,192.0,1047.0,806.9,180.0,44.21
380.0,228.0,932.0,670.0,365.0,52.52
380.0,228.0,932.0,670.0,270.0,53.3
380.0,228.0,932.0,594.0,270.0,41.15
342.0,228.0,932.0,670.0,180.0,52.12
427.5,228.0,932.0,594.0,28.0,37.43
475.0,228.0,932.0,594.0,7.0,38.6
304.0,228.0,932.0,670.0,365.0,55.26
266.0,228.0,932.0,670.0,365.0,52.91
198.6,192.0,978.4,825.5,180.0,41.72
475.0,228.0,932.0,594.0,270.0,42.13
190.0,228.0,932.0,670.0,365.0,53.69
237.5,228.0,932.0,594.0,270.0,38.41
237.5,228.0,932.0,594.0,28.0,30.08
332.5,228.0,932.0,594.0,90.0,37.72
475.0,228.0,932.0,594.0,90.0,42.23
237.5,228.0,932.0,594.0,180.0,36.25
342.0,228.0,932.0,670.0,90.0,50.46
427.5,228.0,932.0,594.0,365.0,43.7
237.5,228.0,932.0,594.0,365.0,39.0
380.0,228.0,932.0,670.0,180.0,53.1
427.5,228.0,932.0,594.0,90.0,41.54
427.5,228.0,932.0,594.0,7.0,35.08
349.0,192.0,1047.0,806.9,3.0,15.05
380.0,228.0,932.0,594.0,180.0,40.76
237.5,228.0,932.0,594.0,7.0,26.26
380.0,228.0,932.0,594.0,7.0,32.82
332.5,228.0,932.0,594.0,180.0,39.78
190.0,228.0,932.0,670.0,180.0,46.93
237.5,228.0,932.0,594.0,90.0,33.12
304.0,228.0,932.0,670.0,90.0,49.19
139.6,192.0,1047.0,806.9,7.0,14.59
198.6,192.0,978.4,825.5,7.0,14.64
475.0,228.0,932.0,594.0,365.0,41.93
198.6,192.0,978.4,825.5,3.0,9.13
304.0,228.0,932.0,670.0,180.0,50.95
332.5,228.0,932.0,594.0,28.0,33.02
304.0,228.0,932.0,670.0,270.0,54.38
266.0,228.0,932.0,670.0,270.0,51.73
310.0,192.0,971.0,850.6,3.0,9.87
190.0,228.0,932.0,670.0,270.0,50.66
266.0,228.0,932.0,670.0,180.0,48.7
342.0,228.0,932.0,670.0,270.0,55.06
139.6,192.0,1047.0,806.9,360.0,44.7
332.5,228.0,932.0,594.0,7.0,30.28
190.0,228.0,932.0,670.0,28.0,40.86
485.0,146.0,1120.0,800.0,28.0,71.99
374.0,170.1,926.1,756.7,3.0,34.4
313.3,175.5,1046.9,611.8,3.0,28.8
425.0,153.5,852.1,887.1,3.0,33.4
425.0,151.4,936.0,803.7,3.0,36.3
375.0,126.6,852.1,992.6,3.0,29.0
475.0,181.1,852.1,781.5,3.0,37.8
469.0,137.8,852.1,840.5,3.0,40.2
425.0,153.5,852.1,887.1,3.0,33.4
388.6,157.9,852.1,925.7,3.0,28.1
531.3,141.8,852.1,893.7,3.0,41.3
425.0,153.5,852.1,887.1,3.0,33.4
318.8,155.7,852.1,880.4,3.0,25.2
401.8,147.4,946.8,852.1,3.0,41.1
362.6,164.9,944.7,755.8,3.0,35.3
323.7,183.8,942.7,659.9,3.0,28.3
379.5,153.9,1134.3,605.0,3.0,28.6
362.6,164.9,944.7,755.8,3.0,35.3
286.3,144.7,1004.6,803.7,3.0,24.4
362.6,164.9,944.7,755.8,3.0,35.3
439.0,186.0,884.9,707.9,3.0,39.3
389.9,145.9,944.7,755.8,3.0,40.6
362.6,164.9,944.7,755.8,3.0,35.3
337.9,174.9,944.7,755.8,3.0,24.1
374.0,170.1,926.1,756.7,7.0,46.2
313.3,175.5,1046.9,611.8,7.0,42.8
425.0,153.5,852.1,887.1,7.0,49.2
425.0,151.4,936.0,803.7,7.0,46.8
375.0,126.6,852.1,992.6,7.0,45.7
475.0,181.1,852.1,781.5,7.0,55.6
469.0,137.8,852.1,840.5,7.0,54.9
425.0,153.5,852.1,887.1,7.0,49.2
388.6,157.9,852.1,925.7,7.0,34.9
531.3,141.8,852.1,893.7,7.0,46.9
425.0,153.5,852.1,887.1,7.0,49.2
318.8,155.7,852.1,880.4,7.0,33.4
401.8,147.4,946.8,852.1,7.0,54.1
362.6,164.9,944.7,755.8,7.0,55.9
323.7,183.8,942.7,659.9,7.0,49.8
379.5,153.9,1134.3,605.0,7.0,47.1
362.6,164.9,944.7,755.8,7.0,55.9
286.3,144.7,1004.6,803.7,7.0,38.0
362.6,164.9,944.7,755.8,7.0,55.9
439.0,186.0,884.9,707.9,7.0,56.1
389.9,145.9,944.7,755.8,7.0,59.09
362.6,164.9,944.7,755.8,7.0,22.9
337.9,174.9,944.7,755.8,7.0,35.1
374.0,170.1,926.1,756.7,28.0,61.09
313.3,175.5,1046.9,611.8,28.0,59.8
425.0,153.5,852.1,887.1,28.0,60.29
425.0,151.4,936.0,803.7,28.0,61.8
375.0,126.6,852.1,992.6,28.0,56.7
475.0,181.1,852.1,781.5,28.0,68.3
469.0,137.8,852.1,840.5,28.0,66.9
425.0,153.5,852.1,887.1,28.0,60.29
388.6,157.9,852.1,925.7,28.0,50.7
531.3,141.8,852.1,893.7,28.0,56.4
425.0,153.5,852.1,887.1,28.0,60.29
318.8,155.7,852.1,880.4,28.0,55.5
401.8,147.4,946.8,852.1,28.0,68.5
362.6,164.9,944.7,755.8,28.0,71.3
323.7,183.8,942.7,659.9,28.0,74.7
379.5,153.9,1134.3,605.0,28.0,52.2
362.6,164.9,944.7,755.8,28.0,71.3
286.3,144.7,1004.6,803.7,28.0,67.7
362.6,164.9,944.7,755.8,28.0,71.3
439.0,186.0,884.9,707.9,28.0,66.0
389.9,145.9,944.7,755.8,28.0,74.5
362.6,164.9,944.7,755.8,28.0,71.3
337.9,174.9,944.7,755.8,28.0,49.9
374.0,170.1,926.1,756.7,56.0,63.4
313.3,175.5,1046.9,611.8,56.0,64.9
425.0,153.5,852.1,887.1,56.0,64.3
425.0,151.4,936.0,803.7,56.0,64.9
375.0,126.6,852.1,992.6,56.0,60.2
475.0,181.1,852.1,781.5,56.0,72.3
469.0,137.8,852.1,840.5,56.0,69.3
425.0,153.5,852.1,887.1,56.0,64.3
388.6,157.9,852.1,925.7,56.0,55.2
531.3,141.8,852.1,893.7,56.0,58.8
425.0,153.5,852.1,887.1,56.0,64.3
318.8,155.7,852.1,880.4,56.0,66.1
401.8,147.4,946.8,852.1,56.0,73.7
362.6,164.9,944.7,755.8,56.0,77.3
323.7,183.8,942.7,659.9,56.0,80.2
379.5,153.9,1134.3,605.0,56.0,54.9
362.6,164.9,944.7,755.8,56.0,77.3
286.3,144.7,1004.6,803.7,56.0,72.99
362.6,164.9,944.7,755.8,56.0,77.3
439.0,186.0,884.9,707.9,56.0,71.7
389.9,145.9,944.7,755.8,56.0,79.4
362.6,164.9,944.7,755.8,56.0,77.3
337.9,174.9,944.7,755.8,56.0,59.89
374.0,170.1,926.1,756.7,91.0,64.9
313.3,175.5,1046.9,611.8,91.0,66.6
425.0,153.5,852.1,887.1,91.0,65.2
425.0,151.4,936.0,803.7,91.0,66.7
375.0,126.6,852.1,992.6,91.0,62.5
475.0,181.1,852.1,781.5,91.0,74.19
469.0,137.8,852.1,840.5,91.0,70.7
425.0,153.5,852.1,887.1,91.0,65.2
388.6,157.9,852.1,925.7,91.0,57.6
531.3,141.8,852.1,893.7,91.0,59.2
425.0,153.5,852.1,887.1,91.0,65.2
318.8,155.7,852.1,880.4,91.0,68.1
401.8,147.4,946.8,852.1,91.0,75.5
362.6,164.9,944.7,755.8,91.0,79.3
379.5,153.9,1134.3,605.0,91.0,56.5
362.6,164.9,944.7,755.8,91.0,79.3
286.3,144.7,1004.6,803.7,91.0,76.8
362.6,164.9,944.7,755.8,91.0,79.3
439.0,186.0,884.9,707.9,91.0,73.3
389.9,145.9,944.7,755.8,91.0,82.6
362.6,164.9,944.7,755.8,91.0,79.3
337.9,174.9,944.7,755.8,91.0,67.8
222.4,189.3,967.1,870.3,3.0,11.58
222.4,189.3,967.1,870.3,14.0,24.45
222.4,189.3,967.1,870.3,28.0,24.89
222.4,189.3,967.1,870.3,56.0,29.45
222.4,189.3,967.1,870.3,100.0,40.71
233.8,197.9,947.0,852.2,3.0,10.38
233.8,197.9,947.0,852.2,14.0,22.14
233.8,197.9,947.0,852.2,28.0,22.84
233.8,197.9,947.0,852.2,56.0,27.66
233.8,197.9,947.0,852.2,100.0,34.56
194.7,165.6,1006.4,905.9,3.0,12.45
194.7,165.6,1006.4,905.9,14.0,24.99
194.7,165.6,1006.4,905.9,28.0,25.72
194.7,165.6,1006.4,905.9,56.0,33.96
194.7,165.6,1006.4,905.9,100.0,37.34
190.7,162.1,1090.0,804.0,3.0,15.04
190.7,162.1,1090.0,804.0,14.0,21.06
190.7,162.1,1090.0,804.0,28.0,26.4
190.7,162.1,1090.0,804.0,56.0,35.34
190.7,162.1,1090.0,804.0,100.0,40.57
212.1,180.3,1057.6,779.3,3.0,12.47
212.1,180.3,1057.6,779.3,14.0,20.92
212.1,180.3,1057.6,779.3,28.0,24.9
212.1,180.3,1057.6,779.3,56.0,34.2
212.1,180.3,1057.6,779.3,100.0,39.61
230.0,195.5,1029.4,758.6,3.0,10.03
230.0,195.5,1029.4,758.6,14.0,20.08
230.0,195.5,1029.4,758.6,28.0,24.48
230.0,195.5,1029.4,758.6,56.0,31.54
230.0,195.5,1029.4,758.6,100.0,35.34
190.3,161.9,1088.1,802.6,3.0,9.45
190.3,161.9,1088.1,802.6,14.0,22.72
190.3,161.9,1088.1,802.6,28.0,28.47
190.3,161.9,1088.1,802.6,56.0,38.56
190.3,161.9,1088.1,802.6,100.0,40.39
166.1,176.5,1058.6,780.1,3.0,10.76
166.1,176.5,1058.6,780.1,14.0,25.48
166.1,176.5,1058.6,780.1,28.0,21.54
166.1,176.5,1058.6,780.1,56.0,28.63
166.1,176.5,1058.6,780.1,100.0,33.54
168.0,121.8,1058.7,780.1,3.0,7.75
168.0,121.8,1058.7,780.1,14.0,17.82
168.0,121.8,1058.7,780.1,28.0,24.24
168.0,121.8,1058.7,780.1,56.0,32.85
168.0,121.8,1058.7,780.1,100.0,39.23
213.7,181.7,1065.8,785.4,3.0,18.0
213.7,181.7,1065.8,785.4,14.0,30.39
213.7,181.7,1065.8,785.4,28.0,45.71
213.7,181.7,1065.8,785.4,56.0,50.77
213.7,181.7,1065.8,785.4,100.0,53.9
213.8,181.7,1066.0,785.5,3.0,13.18
213.8,181.7,1066.0,785.5,14.0,17.84
213.8,181.7,1066.0,785.5,28.0,40.23
213.8,181.7,1066.0,785.5,56.0,47.13
213.8,181.7,1066.0,785.5,100.0,49.97
229.7,195.2,1028.1,757.6,3.0,13.36
229.7,195.2,1028.1,757.6,14.0,22.32
229.7,195.2,1028.1,757.6,28.0,24.54
229.7,195.2,1028.1,757.6,56.0,31.35
229.7,195.2,1028.1,757.6,100.0,40.86
238.1,186.7,949.9,847.0,3.0,19.93
238.1,186.7,949.9,847.0,14.0,25.69
238.1,186.7,949.9,847.0,28.0,30.23
238.1,186.7,949.9,847.0,56.0,39.59
238.1,186.7,949.9,847.0,100.0,44.3
250.0,187.4,956.9,861.2,3.0,13.82
250.0,187.4,956.9,861.2,14.0,24.92
250.0,187.4,956.9,861.2,28.0,29.22
250.0,187.4,956.9,861.2,56.0,38.33
250.0,187.4,956.9,861.2,100.0,42.35
212.5,159.3,1007.8,903.6,3.0,13.54
212.5,159.3,1007.8,903.6,14.0,26.31
212.5,159.3,1007.8,903.6,28.0,31.64
212.5,159.3,1007.8,903.6,56.0,42.55
212.5,159.3,1007.8,903.6,100.0,42.92
212.6,159.4,1003.8,903.8,3.0,13.33
212.6,159.4,1003.8,903.8,14.0,25.37
212.6,159.4,1003.8,903.8,28.0,37.4
212.6,159.4,1003.8,903.8,56.0,44.4
212.6,159.4,1003.8,903.8,100.0,47.74
212.0,159.0,1085.4,799.5,3.0,19.52
212.0,159.0,1085.4,799.5,14.0,31.35
212.0,159.0,1085.4,799.5,28.0,38.5
212.0,159.0,1085.4,799.5,56.0,45.08
212.0,159.0,1085.4,799.5,100.0,47.82
231.8,174.0,1056.4,778.5,3.0,15.44
231.8,174.0,1056.4,778.5,14.0,26.77
231.8,174.0,1056.4,778.5,28.0,33.73
231.8,174.0,1056.4,778.5,56.0,42.7
231.8,174.0,1056.4,778.5,100.0,45.84
251.4,188.5,1028.4,757.7,3.0,17.22
251.4,188.5,1028.4,757.7,14.0,29.93
251.4,188.5,1028.4,757.7,28.0,29.65
251.4,188.5,1028.4,757.7,56.0,36.97
251.4,188.5,1028.4,757.7,100.0,43.58
251.4,188.5,1028.4,757.7,3.0,13.12
251.4,188.5,1028.4,757.7,14.0,24.43
251.4,188.5,1028.4,757.7,28.0,32.66
251.4,188.5,1028.4,757.7,56.0,36.64
251.4,188.5,1028.4,757.7,100.0,44.21
181.4,169.6,1055.6,777.8,3.0,13.62
181.4,169.6,1055.6,777.8,14.0,21.6
181.4,169.6,1055.6,777.8,28.0,27.77
181.4,169.6,1055.6,777.8,56.0,35.57
181.4,169.6,1055.6,777.8,100.0,45.37
182.0,170.2,1059.4,780.7,3.0,7.32
182.0,170.2,1059.4,780.7,14.0,21.5
182.0,170.2,1059.4,780.7,28.0,31.27
182.0,170.2,1059.4,780.7,56.0,43.5
182.0,170.2,1059.4,780.7,100.0,48.67
168.9,158.3,1080.8,796.2,3.0,7.4
168.9,158.3,1080.8,796.2,14.0,23.51
168.9,158.3,1080.8,796.2,28.0,31.12
168.9,158.3,1080.8,796.2,56.0,39.15
168.9,158.3,1080.8,796.2,100.0,48.15
290.4,168.1,961.2,865.0,3.0,22.5
290.4,168.1,961.2,865.0,14.0,34.67
290.4,168.1,961.2,865.0,28.0,34.74
290.4,168.1,961.2,865.0,56.0,45.08
290.4,168.1,961.2,865.0,100.0,48.97
277.1,160.6,973.9,875.6,3.0,23.14
277.1,160.6,973.9,875.6,14.0,41.89
277.1,160.6,973.9,875.6,28.0,48.28
277.1,160.6,973.9,875.6,56.0,51.04
277.1,160.6,973.9,875.6,100.0,55.64
295.7,171.5,955.1,859.2,3.0,22.95
295.7,171.5,955.1,859.2,14.0,35.23
295.7,171.5,955.1,859.2,28.0,39.94
295.7,171.5,955.1,859.2,56.0,48.72
295.7,171.5,955.1,859.2,100.0,52.04
251.8,146.1,1006.0,899.8,3.0,21.02
251.8,146.1,1006.0,899.8,14.0,33.36
251.8,146.1,1006.0,899.8,28.0,33.94
251.8,146.1,1006.0,899.8,56.0,44.14
251.8,146.1,1006.0,899.8,100.0,45.37
249.1,158.1,987.8,889.0,3.0,15.36
249.1,158.1,987.8,889.0,14.0,28.68
249.1,158.1,987.8,889.0,28.0,30.85
249.1,158.1,987.8,889.0,56.0,42.03
249.1,158.1,987.8,889.0,100.0,51.06
252.3,146.3,987.8,889.0,3.0,21.78
252.3,146.3,987.8,889.0,14.0,42.29
252.3,146.3,987.8,889.0,28.0,50.6
252.3,146.3,987.8,889.0,56.0,55.83
252.3,146.3,987.8,889.0,100.0,60.95
246.8,143.3,1086.8,800.9,3.0,23.52
246.8,143.3,1086.8,800.9,14.0,42.22
246.8,143.3,1086.8,800.9,28.0,52.5
246.8,143.3,1086.8,800.9,56.0,60.32
246.8,143.3,1086.8,800.9,100.0,66.42
275.1,159.5,1053.6,777.5,3.0,23.8
275.1,159.5,1053.6,777.5,14.0,38.77
275.1,159.5,1053.6,777.5,28.0,51.33
275.1,159.5,1053.6,777.5,56.0,56.85
275.1,159.5,1053.6,777.5,100.0,58.61
297.2,174.8,1022.8,753.5,3.0,21.91
297.2,174.8,1022.8,753.5,14.0,36.99
297.2,174.8,1022.8,753.5,28.0,47.4
297.2,174.8,1022.8,753.5,56.0,51.96
297.2,174.8,1022.8,753.5,100.0,56.74
213.7,154.8,1053.5,776.4,3.0,17.57
213.7,154.8,1053.5,776.4,14.0,33.73
213.7,154.8,1053.5,776.4,28.0,40.15
213.7,154.8,1053.5,776.4,56.0,46.64
213.7,154.8,1053.5,776.4,100.0,50.08
213.5,154.6,1052.3,775.5,3.0,17.37
213.5,154.6,1052.3,775.5,14.0,33.7
213.5,154.6,1052.3,775.5,28.0,45.94
213.5,154.6,1052.3,775.5,56.0,51.43
213.5,154.6,1052.3,775.5,100.0,59.3
277.2,160.7,1061.7,782.5,3.0,30.45
277.2,160.7,1061.7,782.5,14.0,47.71
277.2,160.7,1061.7,782.5,28.0,63.14
277.2,160.7,1061.7,782.5,56.0,66.82
277.2,160.7,1061.7,782.5,100.0,66.95
218.2,140.8,1075.7,792.7,3.0,27.42
218.2,140.8,1075.7,792.7,14.0,35.96
218.2,140.8,1075.7,792.7,28.0,55.51
218.2,140.8,1075.7,792.7,56.0,61.99
218.2,140.8,1075.7,792.7,100.0,63.53
214.9,155.6,1014.3,780.6,3.0,18.02
214.9,155.6,1014.3,780.6,14.0,38.6
214.9,155.6,1014.3,780.6,28.0,52.2
214.9,155.6,1014.3,780.6,56.0,53.96
214.9,155.6,1014.3,780.6,100.0,56.63
218.9,158.5,1078.7,794.9,3.0,15.34
218.9,158.5,1078.7,794.9,14.0,26.05
218.9,158.5,1078.7,794.9,28.0,30.22
218.9,158.5,1078.7,794.9,56.0,37.27
218.9,158.5,1078.7,794.9,100.0,46.23
376.0,214.6,1003.5,762.4,3.0,16.28
376.0,214.6,1003.5,762.4,14.0,25.62
376.0,214.6,1003.5,762.4,28.0,31.97
376.0,214.6,1003.5,762.4,56.0,36.3
376.0,214.6,1003.5,762.4,100.0,43.06
500.0,140.0,966.0,853.0,28.0,67.57
475.0,142.0,1098.0,641.0,28.0,57.23
315.0,145.0,1130.0,745.0,28.0,81.75
505.0,195.0,1030.0,630.0,28.0,64.02
451.0,165.0,1030.0,745.0,28.0,78.8
516.0,162.0,801.0,802.0,28.0,41.37
520.0,170.0,855.0,855.0,28.0,60.28
528.0,185.0,920.0,720.0,28.0,56.83
520.0,175.0,870.0,805.0,28.0,51.02
385.0,158.0,903.0,768.0,28.0,55.55
500.1,200.0,1124.4,613.2,28.0,44.13
450.1,200.0,1124.4,613.2,28.0,39.38
397.0,167.0,967.0,633.0,28.0,55.65
333.0,167.0,996.0,652.0,28.0,47.28
334.0,189.0,967.0,633.0,28.0,44.33
405.0,175.0,1120.0,695.0,28.0,52.3
200.0,190.0,1145.0,660.0,28.0,49.25
516.0,162.0,801.0,802.0,28.0,41.37
145.0,184.0,833.0,880.0,28.0,29.16
160.0,182.0,824.0,879.0,28.0,39.4
234.0,189.0,981.0,760.0,28.0,39.3
250.0,159.0,860.0,800.0,28.0,67.87
475.0,162.0,1044.0,662.0,28.0,58.52
285.0,163.0,1031.0,685.0,28.0,53.58
356.0,160.0,1061.0,657.0,28.0,59.0
275.0,162.0,830.0,765.0,28.0,76.24
500.0,151.0,1033.0,655.0,28.0,69.84
165.0,163.8,1005.6,900.9,3.0,14.4
165.0,175.1,1005.8,746.6,3.0,19.42
178.0,179.9,1007.3,746.8,3.0,20.73
167.4,175.5,1006.3,746.6,3.0,14.94
172.4,156.8,1006.3,856.4,3.0,21.29
173.5,164.8,1006.2,793.5,3.0,23.08
167.0,164.0,1007.3,770.1,3.0,15.52
173.8,172.3,1007.2,746.6,3.0,15.82
190.3,166.6,1079.0,798.9,3.0,12.55
250.0,191.8,948.9,857.2,3.0,8.49
213.5,159.2,1043.6,771.9,3.0,15.61
194.7,170.2,998.0,901.8,3.0,12.18
251.4,192.9,1043.6,754.3,3.0,11.98
165.0,163.8,1005.6,900.9,14.0,16.88
165.0,175.1,1005.8,746.6,14.0,33.09
178.0,179.9,1007.3,746.8,14.0,34.24
167.4,175.5,1006.3,746.6,14.0,31.81
172.4,156.8,1006.3,856.4,14.0,29.75
173.5,164.8,1006.2,793.5,14.0,33.01
167.0,164.0,1007.3,770.1,14.0,32.9
173.8,172.3,1007.2,746.6,14.0,29.55
190.3,166.6,1079.0,798.9,14.0,19.42
250.0,191.8,948.9,857.2,14.0,24.66
213.5,159.2,1043.6,771.9,14.0,29.59
194.7,170.2,998.0,901.8,14.0,24.28
251.4,192.9,1043.6,754.3,14.0,20.73
165.0,163.8,1005.6,900.9,28.0,26.2
165.0,175.1,1005.8,746.6,28.0,46.39
178.0,179.9,1007.3,746.8,28.0,39.16
167.4,175.5,1006.3,746.6,28.0,41.2
172.4,156.8,1006.3,856.4,28.0,33.69
173.5,164.8,1006.2,793.5,28.0,38.2
167.0,164.0,1007.3,770.1,28.0,41.41
173.8,172.3,1007.2,746.6,28.0,37.81
190.3,166.6,1079.0,798.9,28.0,24.85
250.0,191.8,948.9,857.2,28.0,27.22
213.5,159.2,1043.6,771.9,28.0,44.64
194.7,170.2,998.0,901.8,28.0,37.27
251.4,192.9,1043.6,754.3,28.0,33.27
165.0,163.8,1005.6,900.9,56.0,36.56
165.0,175.1,1005.8,746.6,56.0,53.72
178.0,179.9,1007.3,746.8,56.0,48.59
167.4,175.5,1006.3,746.6,56.0,51.72
172.4,156.8,1006.3,856.4,56.0,35.85
173.5,164.8,1006.2,793.5,56.0,53.77
167.0,164.0,1007.3,770.1,56.0,53.46
173.8,172.3,1007.2,746.6,56.0,48.99
190.3,166.6,1079.0,798.9,56.0,31.72
250.0,191.8,948.9,857.2,56.0,39.64
213.5,159.2,1043.6,771.9,56.0,51.26
194.7,170.2,998.0,901.8,56.0,43.39
251.4,192.9,1043.6,754.3,56.0,39.27
165.0,163.8,1005.6,900.9,100.0,37.96
165.0,175.1,1005.8,746.6,100.0,55.02
178.0,179.9,1007.3,746.8,100.0,49.99
167.4,175.5,1006.3,746.6,100.0,53.66
172.4,156.8,1006.3,856.4,100.0,37.68
173.5,164.8,1006.2,793.5,100.0,56.06
167.0,164.0,1007.3,770.1,100.0,56.81
173.8,172.3,1007.2,746.6,100.0,50.94
190.3,166.6,1079.0,798.9,100.0,33.56
250.0,191.8,948.9,857.2,100.0,41.16
213.5,159.2,1043.6,771.9,100.0,52.96
194.7,170.2,998.0,901.8,100.0,44.28
251.4,192.9,1043.6,754.3,100.0,40.15
446.0,162.0,967.0,712.0,28.0,57.03
446.0,162.0,967.0,712.0,28.0,44.42
446.0,162.0,967.0,712.0,28.0,51.02
446.0,162.0,967.0,712.0,28.0,53.39
446.0,162.0,967.0,712.0,3.0,35.36
446.0,162.0,967.0,712.0,3.0,25.02
446.0,162.0,967.0,712.0,3.0,23.35
446.0,162.0,967.0,712.0,7.0,52.01
446.0,162.0,967.0,712.0,7.0,38.02
446.0,162.0,967.0,712.0,7.0,39.3
446.0,162.0,967.0,712.0,56.0,61.07
446.0,162.0,967.0,712.0,56.0,56.14
446.0,162.0,967.0,712.0,56.0,55.25
446.0,162.0,967.0,712.0,56.0,54.77
387.0,157.0,938.0,845.0,28.0,50.24
387.0,157.0,938.0,845.0,28.0,46.68
387.0,157.0,938.0,845.0,28.0,46.68
387.0,157.0,938.0,845.0,3.0,22.75
387.0,157.0,938.0,845.0,3.0,25.51
387.0,157.0,938.0,845.0,3.0,34.77
387.0,157.0,938.0,845.0,7.0,36.84
387.0,157.0,938.0,845.0,7.0,45.9
387.0,157.0,938.0,845.0,7.0,41.67
387.0,157.0,938.0,845.0,56.0,56.34
387.0,157.0,938.0,845.0,56.0,47.97
387.0,157.0,938.0,845.0,56.0,61.46
355.0,145.0,967.0,871.0,28.0,44.03
355.0,145.0,967.0,871.0,28.0,55.45
491.0,210.0,882.0,699.0,28.0,55.55
491.0,201.0,822.0,699.0,28.0,57.92
491.0,210.0,882.0,699.0,3.0,25.61
491.0,210.0,882.0,699.0,7.0,33.49
491.0,210.0,882.0,699.0,56.0,59.59
491.0,201.0,822.0,699.0,3.0,29.55
491.0,201.0,822.0,699.0,7.0,37.92
491.0,201.0,822.0,699.0,56.0,61.86
424.0,178.0,822.0,750.0,28.0,62.05
424.0,178.0,882.0,750.0,3.0,32.01
424.0,168.0,822.0,750.0,28.0,72.1
424.0,178.0,822.0,750.0,7.0,39.0
424.0,178.0,822.0,750.0,56.0,65.7
424.0,168.0,822.0,750.0,3.0,32.11
424.0,168.0,822.0,750.0,7.0,40.29
424.0,168.0,822.0,750.0,56.0,74.36
202.0,206.0,942.0,801.0,28.0,21.97
202.0,206.0,942.0,801.0,3.0,9.85
202.0,206.0,942.0,801.0,7.0,15.07
202.0,206.0,942.0,801.0,56.0,23.25
284.0,179.0,842.0,801.0,28.0,43.73
284.0,179.0,842.0,801.0,3.0,13.4
284.0,179.0,842.0,801.0,7.0,24.13
284.0,179.0,842.0,801.0,56.0,44.52
359.0,154.0,942.0,801.0,28.0,62.94
359.0,154.0,942.0,801.0,28.0,59.49
359.0,154.0,942.0,801.0,3.0,25.12
359.0,154.0,942.0,801.0,3.0,23.64
359.0,154.0,942.0,801.0,7.0,35.75
359.0,154.0,942.0,801.0,7.0,38.61
359.0,154.0,942.0,801.0,56.0,68.75
359.0,154.0,942.0,801.0,56.0,66.78
436.0,218.0,838.4,719.7,28.0,23.85
289.0,192.0,913.2,895.3,90.0,32.07
289.0,192.0,913.2,895.3,3.0,11.65
393.0,192.0,940.6,785.6,3.0,19.2
393.0,192.0,940.6,785.6,90.0,48.85
393.0,192.0,940.6,785.6,28.0,39.6
480.0,192.0,936.2,712.2,28.0,43.94
480.0,192.0,936.2,712.2,7.0,34.57
480.0,192.0,936.2,712.2,90.0,54.32
480.0,192.0,936.2,712.2,3.0,24.4
333.0,192.0,931.2,842.6,3.0,15.62
255.0,192.0,889.8,945.0,90.0,21.86
255.0,192.0,889.8,945.0,7.0,10.22
289.0,192.0,913.2,895.3,7.0,14.6
255.0,192.0,889.8,945.0,28.0,18.75
333.0,192.0,931.2,842.6,28.0,31.97
333.0,192.0,931.2,842.6,7.0,23.4
289.0,192.0,913.2,895.3,28.0,25.57
333.0,192.0,931.2,842.6,90.0,41.68
393.0,192.0,940.6,785.6,7.0,27.74
255.0,192.0,889.8,945.0,3.0,8.2
158.8,185.7,1040.6,734.3,7.0,9.62
239.6,185.7,941.6,664.3,7.0,25.42
238.2,185.7,1040.6,734.3,7.0,15.69
181.9,185.7,1012.4,714.3,28.0,27.94
193.5,185.7,998.2,704.3,28.0,32.63
255.5,185.7,1026.6,724.3,7.0,17.24
272.8,185.7,1012.4,714.3,7.0,19.77
239.6,185.7,941.6,664.3,28.0,39.44
220.8,185.7,1055.0,744.3,28.0,25.75
397.0,185.7,1040.6,734.3,28.0,33.08
382.5,185.7,1047.8,739.3,7.0,24.07
210.7,185.7,977.0,689.3,7.0,21.82
158.8,185.7,1040.6,734.3,28.0,21.07
295.8,185.7,1091.4,769.3,7.0,14.84
255.5,185.7,1026.6,724.3,28.0,32.05
203.5,185.7,1076.2,759.3,7.0,11.96
397.0,185.7,1040.6,734.3,7.0,25.45
381.4,185.7,1104.6,784.3,28.0,22.49
295.8,185.7,1091.4,769.3,28.0,25.22
228.0,185.7,955.8,674.3,28.0,39.7
220.8,185.7,1055.0,744.3,7.0,13.09
316.1,185.7,977.0,689.3,28.0,38.7
135.7,185.7,1076.2,759.3,7.0,7.51
238.1,185.7,1118.8,789.3,28.0,17.58
339.2,185.7,1069.2,754.3,7.0,21.18
135.7,185.7,1076.2,759.3,28.0,18.2
193.5,185.7,998.2,704.3,7.0,17.2
203.5,185.7,1076.2,759.3,28.0,22.63
290.2,185.7,998.2,704.3,7.0,21.86
181.9,185.7,1012.4,714.3,7.0,12.37
170.3,185.7,1026.6,724.3,28.0,25.73
210.7,185.7,977.0,689.3,28.0,37.81
228.0,185.7,955.8,674.3,7.0,21.92
290.2,185.7,998.2,704.3,28.0,33.04
381.4,185.7,1104.6,784.3,7.0,14.54
238.2,185.7,1040.6,734.3,28.0,26.91
186.2,185.7,1083.4,764.3,7.0,8.0
339.2,185.7,1069.2,754.3,28.0,31.9
238.1,185.7,1118.8,789.3,7.0,10.34
252.5,185.7,1111.6,784.3,28.0,19.77
382.5,185.7,1047.8,739.3,28.0,37.44
252.5,185.7,1111.6,784.3,7.0,11.48
316.1,185.7,977.0,689.3,7.0,24.44
186.2,185.7,1083.4,764.3,28.0,17.6
170.3,185.7,1026.6,724.3,7.0,10.73
272.8,185.7,1012.4,714.3,28.0,31.38
339.0,197.0,968.0,781.0,3.0,13.22
339.0,197.0,968.0,781.0,7.0,20.97
339.0,197.0,968.0,781.0,14.0,27.04
339.0,197.0,968.0,781.0,28.0,32.04
339.0,197.0,968.0,781.0,90.0,35.17
339.0,197.0,968.0,781.0,180.0,36.45
339.0,197.0,968.0,781.0,365.0,38.89
236.0,194.0,968.0,885.0,3.0,6.47
236.0,194.0,968.0,885.0,14.0,12.84
236.0,194.0,968.0,885.0,28.0,18.42
236.0,194.0,968.0,885.0,90.0,21.95
236.0,193.0,968.0,885.0,180.0,24.1
236.0,193.0,968.0,885.0,365.0,25.08
277.0,191.0,968.0,856.0,14.0,21.26
277.0,191.0,968.0,856.0,28.0,25.97
277.0,191.0,968.0,856.0,3.0,11.36
277.0,191.0,968.0,856.0,90.0,31.25
277.0,191.0,968.0,856.0,180.0,32.33
277.0,191.0,968.0,856.0,360.0,33.7
254.0,198.0,968.0,863.0,3.0,9.31
254.0,198.0,968.0,863.0,90.0,26.94
254.0,198.0,968.0,863.0,180.0,27.63
254.0,198.0,968.0,863.0,365.0,29.79
307.0,193.0,968.0,812.0,180.0,34.49
307.0,193.0,968.0,812.0,365.0,36.15
307.0,193.0,968.0,812.0,3.0,12.54
307.0,193.0,968.0,812.0,28.0,27.53
307.0,193.0,968.0,812.0,90.0,32.92
236.0,193.0,968.0,885.0,7.0,9.99
200.0,180.0,1125.0,845.0,7.0,7.84
200.0,180.0,1125.0,845.0,28.0,12.25
225.0,181.0,1113.0,833.0,7.0,11.17
225.0,181.0,1113.0,833.0,28.0,17.34
325.0,184.0,1063.0,783.0,7.0,17.54
325.0,184.0,1063.0,783.0,28.0,30.57
275.0,183.0,1088.0,808.0,7.0,14.2
275.0,183.0,1088.0,808.0,28.0,24.5
300.0,184.0,1075.0,795.0,7.0,15.58
300.0,184.0,1075.0,795.0,28.0,26.85
375.0,186.0,1038.0,758.0,7.0,26.06
375.0,186.0,1038.0,758.0,28.0,38.21
400.0,187.0,1025.0,745.0,28.0,43.7
400.0,187.0,1025.0,745.0,7.0,30.14
250.0,182.0,1100.0,820.0,7.0,12.73
250.0,182.0,1100.0,820.0,28.0,20.87
350.0,186.0,1050.0,770.0,7.0,20.28
350.0,186.0,1050.0,770.0,28.0,34.29
203.5,203.5,963.4,630.0,7.0,19.54
250.2,203.5,977.6,694.1,90.0,47.71
157.0,192.0,935.4,781.2,90.0,43.38
141.3,203.5,971.8,748.5,28.0,29.89
166.8,203.5,975.6,692.6,3.0,6.9
122.6,203.5,958.2,800.1,90.0,33.19
183.9,203.5,959.2,800.0,3.0,4.9
102.0,192.0,887.0,942.0,3.0,4.57
102.0,192.0,887.0,942.0,90.0,25.46
122.6,203.5,958.2,800.1,28.0,24.29
166.8,203.5,975.6,692.6,28.0,33.95
200.0,192.0,965.4,806.2,3.0,11.41
108.3,203.5,938.2,849.0,28.0,20.59
305.3,203.5,965.4,631.0,7.0,25.89
108.3,203.5,938.2,849.0,90.0,29.23
116.0,192.0,909.8,891.9,90.0,31.02
141.3,203.5,971.8,748.5,7.0,10.39
157.0,192.0,935.4,781.2,28.0,33.66
133.0,192.0,927.4,839.2,28.0,27.87
250.2,203.5,977.6,694.1,7.0,19.35
173.0,192.0,946.8,856.8,7.0,11.39
192.0,192.0,929.8,716.1,3.0,12.79
192.0,192.0,929.8,716.1,28.0,39.32
153.0,192.0,888.0,943.1,3.0,4.78
288.0,192.0,932.0,717.8,3.0,16.11
305.3,203.5,965.4,631.0,28.0,43.38
236.0,192.0,972.6,749.1,7.0,20.42
173.0,192.0,946.8,856.8,3.0,6.94
212.0,203.5,973.4,750.0,7.0,15.03
236.0,192.0,972.6,749.1,3.0,13.57
183.9,203.5,959.2,800.0,90.0,32.53
166.8,203.5,975.6,692.6,7.0,15.75
102.0,192.0,887.0,942.0,7.0,7.68
288.0,192.0,932.0,717.8,28.0,38.8
212.0,203.5,973.4,750.0,28.0,33.0
102.0,192.0,887.0,942.0,28.0,17.28
173.0,192.0,946.8,856.8,28.0,24.28
183.9,203.5,959.2,800.0,28.0,24.05
133.0,192.0,927.4,839.2,90.0,36.59
192.0,192.0,929.8,716.1,90.0,50.73
133.0,192.0,927.4,839.2,7.0,13.66
305.3,203.5,965.4,631.0,3.0,14.14
236.0,192.0,972.6,749.1,90.0,47.78
108.3,203.5,938.2,849.0,3.0,2.33
157.0,192.0,935.4,781.2,7.0,16.89
288.0,192.0,932.0,717.8,7.0,23.52
212.0,203.5,973.4,750.0,3.0,6.81
212.0,203.5,973.4,750.0,90.0,39.7
153.0,192.0,888.0,943.1,28.0,17.96
236.0,192.0,972.6,749.1,28.0,32.88
116.0,192.0,909.8,891.9,28.0,22.35
183.9,203.5,959.2,800.0,7.0,10.79
108.3,203.5,938.2,849.0,7.0,7.72
203.5,203.5,963.4,630.0,28.0,41.68
203.5,203.5,963.4,630.0,3.0,9.56
133.0,192.0,927.4,839.2,3.0,6.88
288.0,192.0,932.0,717.8,90.0,50.53
200.0,192.0,965.4,806.2,7.0,17.17
200.0,192.0,965.4,806.2,28.0,30.44
250.2,203.5,977.6,694.1,3.0,9.73
122.6,203.5,958.2,800.1,3.0,3.32
153.0,192.0,888.0,943.1,90.0,26.32
200.0,192.0,965.4,806.2,90.0,43.25
116.0,192.0,909.8,891.9,3.0,6.28
173.0,192.0,946.8,856.8,90.0,32.1
250.2,203.5,977.6,694.1,28.0,36.96
305.3,203.5,965.4,631.0,90.0,54.6
192.0,192.0,929.8,716.1,7.0,21.48
157.0,192.0,935.4,781.2,3.0,9.69
153.0,192.0,888.0,943.1,7.0,8.37
141.3,203.5,971.8,748.5,90.0,39.66
116.0,192.0,909.8,891.9,7.0,10.09
141.3,203.5,971.8,748.5,3.0,4.83
122.6,203.5,958.2,800.1,7.0,10.35
166.8,203.5,975.6,692.6,90.0,43.57
203.5,203.5,963.4,630.0,90.0,51.86
310.0,192.0,1012.0,830.0,3.0,11.85
310.0,192.0,1012.0,830.0,7.0,17.24
310.0,192.0,1012.0,830.0,28.0,27.83
310.0,192.0,1012.0,830.0,90.0,35.76
310.0,192.0,1012.0,830.0,120.0,38.7
331.0,192.0,1025.0,821.0,3.0,14.31
331.0,192.0,1025.0,821.0,7.0,17.44
331.0,192.0,1025.0,821.0,28.0,31.74
331.0,192.0,1025.0,821.0,90.0,37.91
331.0,192.0,1025.0,821.0,120.0,39.38
349.0,192.0,1056.0,809.0,3.0,15.87
349.0,192.0,1056.0,809.0,7.0,9.01
349.0,192.0,1056.0,809.0,28.0,33.61
349.0,192.0,1056.0,809.0,90.0,40.66
349.0,192.0,1056.0,809.0,120.0,40.86
238.0,186.0,1119.0,789.0,7.0,12.05
238.0,186.0,1119.0,789.0,28.0,17.54
296.0,186.0,1090.0,769.0,7.0,18.91
296.0,186.0,1090.0,769.0,28.0,25.18
297.0,186.0,1040.0,734.0,7.0,30.96
480.0,192.0,936.0,721.0,28.0,43.89
480.0,192.0,936.0,721.0,90.0,54.28
397.0,186.0,1040.0,734.0,28.0,36.94
281.0,186.0,1104.0,774.0,7.0,14.5
281.0,185.0,1104.0,774.0,28.0,22.44
500.0,200.0,1125.0,613.0,1.0,12.64
500.0,200.0,1125.0,613.0,3.0,26.06
500.0,200.0,1125.0,613.0,7.0,33.21
500.0,200.0,1125.0,613.0,14.0,36.94
500.0,200.0,1125.0,613.0,28.0,44.09
540.0,173.0,1125.0,613.0,7.0,52.61
540.0,173.0,1125.0,613.0,14.0,59.76
540.0,173.0,1125.0,613.0,28.0,67.31
540.0,173.0,1125.0,613.0,90.0,69.66
540.0,173.0,1125.0,613.0,180.0,71.62
540.0,173.0,1125.0,613.0,270.0,74.17
350.0,203.0,974.0,775.0,7.0,18.13
350.0,203.0,974.0,775.0,14.0,22.53
350.0,203.0,974.0,775.0,28.0,27.34
350.0,203.0,974.0,775.0,56.0,29.98
350.0,203.0,974.0,775.0,90.0,31.35
350.0,203.0,974.0,775.0,180.0,32.72
385.0,186.0,966.0,763.0,1.0,6.27
385.0,186.0,966.0,763.0,3.0,14.7
385.0,186.0,966.0,763.0,7.0,23.22
385.0,186.0,966.0,763.0,14.0,27.92
385.0,186.0,966.0,763.0,28.0,31.35
331.0,192.0,978.0,825.0,180.0,39.0
331.0,192.0,978.0,825.0,360.0,41.24
349.0,192.0,1047.0,806.0,3.0,14.99
331.0,192.0,978.0,825.0,3.0,13.52
382.0,186.0,1047.0,739.0,7.0,24.0
382.0,186.0,1047.0,739.0,28.0,37.42
382.0,186.0,1111.0,784.0,7.0,11.47
281.0,186.0,1104.0,774.0,28.0,22.44
339.0,185.0,1069.0,754.0,7.0,21.16
339.0,185.0,1069.0,754.0,28.0,31.84
295.0,185.0,1069.0,769.0,7.0,14.8
295.0,185.0,1069.0,769.0,28.0,25.18
238.0,185.0,1118.0,789.0,28.0,17.54
296.0,192.0,1085.0,765.0,7.0,14.2
296.0,192.0,1085.0,765.0,28.0,21.65
296.0,192.0,1085.0,765.0,90.0,29.39
331.0,192.0,879.0,825.0,3.0,13.52
331.0,192.0,978.0,825.0,7.0,16.26
331.0,192.0,978.0,825.0,28.0,31.45
331.0,192.0,978.0,825.0,90.0,37.23
349.0,192.0,1047.0,806.0,7.0,18.13
349.0,192.0,1047.0,806.0,28.0,32.72
349.0,192.0,1047.0,806.0,90.0,39.49
349.0,192.0,1047.0,806.0,180.0,41.05
349.0,192.0,1047.0,806.0,360.0,42.13
302.0,203.0,974.0,817.0,14.0,18.13
302.0,203.0,974.0,817.0,180.0,26.74
525.0,189.0,1125.0,613.0,180.0,61.92
500.0,200.0,1125.0,613.0,90.0,47.22
500.0,200.0,1125.0,613.0,180.0,51.04
500.0,200.0,1125.0,613.0,270.0,55.16
540.0,173.0,1125.0,613.0,3.0,41.64
252.0,185.0,1111.0,784.0,7.0,13.71
252.0,185.0,1111.0,784.0,28.0,19.69
339.0,185.0,1060.0,754.0,28.0,31.65
393.0,192.0,940.0,758.0,3.0,19.11
393.0,192.0,940.0,758.0,28.0,39.58
393.0,192.0,940.0,758.0,90.0,48.79
382.0,185.0,1047.0,739.0,7.0,24.0
382.0,185.0,1047.0,739.0,28.0,37.42
252.0,186.0,1111.0,784.0,7.0,11.47
252.0,185.0,1111.0,784.0,28.0,19.69
310.0,192.0,970.0,850.0,7.0,14.99
310.0,192.0,970.0,850.0,28.0,27.92
310.0,192.0,970.0,850.0,90.0,34.68
310.0,192.0,970.0,850.0,180.0,37.33
310.0,192.0,970.0,850.0,360.0,38.11
525.0,189.0,1125.0,613.0,3.0,33.8
525.0,189.0,1125.0,613.0,7.0,42.42
525.0,189.0,1125.0,613.0,14.0,48.4
525.0,189.0,1125.0,613.0,28.0,55.94
525.0,189.0,1125.0,613.0,90.0,58.78
525.0,189.0,1125.0,613.0,270.0,67.11
322.0,203.0,974.0,800.0,14.0,20.77
322.0,203.0,974.0,800.0,28.0,25.18
322.0,203.0,974.0,800.0,180.0,29.59
302.0,203.0,974.0,817.0,28.0,21.75
397.0,185.0,1040.0,734.0,28.0,39.09
480.0,192.0,936.0,721.0,3.0,24.39
522.0,146.0,896.0,896.0,7.0,50.51
522.0,146.0,896.0,896.0,28.0,74.99
273.0,210.0,904.0,680.0,28.0,37.17
162.0,179.0,838.0,741.0,28.0,33.76
154.0,220.0,923.0,658.0,28.0,16.5
147.0,202.0,860.0,829.0,28.0,19.99
152.0,168.0,944.0,695.0,28.0,36.35
310.0,168.0,914.0,651.0,28.0,33.69
144.0,158.0,943.0,844.0,28.0,15.42
304.0,214.0,895.0,722.0,28.0,33.42
374.0,190.0,1013.0,730.0,28.0,39.05
159.0,175.0,953.0,720.0,28.0,27.68
153.0,200.0,1002.0,684.0,28.0,26.86
310.0,168.0,914.0,804.0,28.0,45.3
305.0,196.0,959.0,705.0,28.0,30.12
151.0,167.0,991.0,772.0,28.0,15.57
142.0,174.0,883.0,785.0,28.0,44.61
298.0,201.0,878.0,655.0,28.0,53.52
321.0,190.0,870.0,774.0,28.0,57.21
366.0,191.0,824.0,757.0,28.0,65.91
280.0,172.0,825.0,805.0,28.0,52.82
252.0,194.0,835.0,821.0,28.0,33.4
165.0,182.0,1023.0,729.0,28.0,18.03
156.0,180.0,1022.0,698.0,28.0,37.36
160.0,203.0,829.0,710.0,28.0,32.84
298.0,186.0,879.0,815.0,28.0,42.64
318.0,210.0,861.0,737.0,28.0,40.06
287.0,188.0,904.0,696.0,28.0,41.94
326.0,174.0,882.0,790.0,28.0,61.23
356.0,193.0,801.0,778.0,28.0,40.87
132.0,179.0,867.0,736.0,28.0,33.3
322.0,186.0,951.0,709.0,28.0,52.42
164.0,181.0,849.0,846.0,28.0,15.09
314.0,170.0,925.0,783.0,28.0,38.46
321.0,182.0,870.0,780.0,28.0,37.26
140.0,237.0,869.0,656.0,28.0,35.23
288.0,177.0,908.0,829.0,28.0,42.13
298.0,210.0,880.0,744.0,28.0,31.87
265.0,195.0,833.0,790.0,28.0,41.54
160.0,168.0,1049.0,688.0,28.0,39.45
166.0,183.0,859.0,827.0,28.0,37.91
276.0,180.0,870.0,768.0,28.0,44.28
322.0,196.0,818.0,813.0,28.0,31.18
149.0,193.0,892.0,780.0,28.0,23.69
159.0,176.0,990.0,789.0,28.0,32.76
261.0,201.0,864.0,761.0,28.0,32.4
237.0,247.0,853.0,695.0,28.0,28.63
313.0,178.0,1002.0,689.0,28.0,36.8
155.0,193.0,1047.0,697.0,28.0,18.28
146.0,202.0,827.0,872.0,28.0,33.06
296.0,221.0,819.0,778.0,28.0,31.42
133.0,196.0,949.0,795.0,28.0,31.03
313.0,178.0,867.0,824.0,28.0,44.39
152.0,184.0,992.0,816.0,28.0,12.18
153.0,178.0,1002.0,689.0,28.0,25.56
140.0,200.0,916.0,753.0,28.0,36.44
149.0,176.0,847.0,893.0,28.0,32.96
300.0,212.0,878.0,728.0,28.0,23.84
153.0,178.0,867.0,824.0,28.0,26.23
148.0,158.0,1002.0,830.0,28.0,17.95
326.0,199.0,801.0,792.0,28.0,40.68
153.0,178.0,1000.0,822.0,28.0,19.01
262.0,195.0,895.0,733.0,28.0,33.72
158.0,220.0,898.0,713.0,28.0,8.54
151.0,167.0,1074.0,678.0,28.0,13.46
273.0,199.0,931.0,762.0,28.0,32.24
149.0,183.0,953.0,780.0,28.0,23.52
143.0,191.0,967.0,643.0,28.0,29.72
260.0,171.0,936.0,763.0,28.0,49.77
313.0,178.0,917.0,759.0,28.0,52.44
284.0,168.0,970.0,794.0,28.0,40.93
336.0,182.0,986.0,817.0,28.0,44.86
145.0,181.0,979.0,812.0,28.0,13.2
150.0,174.0,1069.0,675.0,28.0,37.43
144.0,192.0,814.0,805.0,28.0,29.87
331.0,195.0,811.0,802.0,28.0,56.61
155.0,193.0,1047.0,697.0,28.0,12.46
155.0,193.0,877.0,868.0,28.0,23.79
135.0,180.0,961.0,805.0,28.0,13.29
266.0,178.0,910.0,745.0,28.0,39.42
314.0,179.0,869.0,690.0,28.0,46.23
313.0,127.0,1000.0,822.0,28.0,44.52
146.0,182.0,986.0,817.0,28.0,23.74
144.0,178.0,941.0,774.0,28.0,26.14
148.0,181.0,839.0,884.0,28.0,15.52
277.0,191.0,946.0,666.0,28.0,43.57
298.0,164.0,953.0,784.0,28.0,35.86
313.0,178.0,1002.0,689.0,28.0,41.05
155.0,194.0,880.0,699.0,28.0,28.99
289.0,195.0,924.0,760.0,28.0,46.24
148.0,171.0,1000.0,828.0,28.0,26.92
145.0,202.0,824.0,869.0,28.0,10.54
313.0,178.0,1000.0,822.0,28.0,25.1
136.0,172.0,923.0,764.0,28.0,29.07
155.0,193.0,877.0,868.0,28.0,9.74
255.0,189.0,919.0,749.0,28.0,33.8
162.0,216.0,822.0,638.0,28.0,39.84
136.0,199.0,847.0,783.0,28.0,26.97
164.0,197.0,961.0,641.0,28.0,27.23
162.0,202.0,820.0,680.0,28.0,30.65
157.0,200.0,819.0,704.0,28.0,33.05
149.0,192.0,935.0,623.0,28.0,24.58
135.0,196.0,965.0,643.0,28.0,21.91
159.0,201.0,848.0,669.0,28.0,30.88
144.0,176.0,1021.0,709.0,28.0,15.34
154.0,228.0,845.0,612.0,28.0,24.34
167.0,185.0,898.0,636.0,28.0,23.89
184.0,213.0,923.0,623.0,28.0,22.93
156.0,221.0,854.0,614.0,28.0,29.41
236.9,246.9,852.9,695.4,28.0,28.63
313.3,178.5,1001.9,688.7,28.0,36.8
154.8,193.3,1047.4,696.7,28.0,18.29
145.9,202.5,827.0,871.8,28.0,32.72
296.0,221.4,819.2,778.4,28.0,31.42
133.1,195.7,949.4,795.3,28.0,28.94
313.3,178.5,867.2,824.0,28.0,40.93
151.6,184.4,992.0,815.9,28.0,12.18
153.1,178.5,1001.9,688.7,28.0,25.56
139.9,200.3,916.0,753.4,28.0,36.44
149.5,175.8,846.8,892.7,28.0,32.96
299.8,211.5,878.2,727.6,28.0,23.84
153.1,178.5,867.2,824.0,28.0,26.23
148.1,158.1,1001.8,830.1,28.0,17.96
326.5,199.0,801.1,792.5,28.0,38.63
152.7,178.1,999.7,822.2,28.0,19.01
261.9,195.4,895.2,732.6,28.0,33.72
158.4,219.7,897.7,712.9,28.0,8.54
150.7,166.7,1074.5,678.0,28.0,13.46
272.6,198.7,931.3,762.2,28.0,32.25
149.0,182.9,953.4,780.3,28.0,23.52
143.0,190.7,967.4,643.5,28.0,29.73
259.9,170.6,935.7,762.9,28.0,49.77
312.9,177.6,916.6,759.5,28.0,52.45
284.0,168.3,970.4,794.2,28.0,40.93
336.5,181.9,985.8,816.8,28.0,44.87
144.8,180.8,979.5,811.5,28.0,13.2
150.0,173.8,1069.3,674.8,28.0,37.43
143.7,191.6,814.1,805.3,28.0,29.87
330.5,194.9,811.0,802.3,28.0,56.62
154.8,193.3,1047.4,696.7,28.0,12.46
154.8,193.3,877.2,867.7,28.0,23.79
134.7,180.2,961.0,804.9,28.0,13.29
266.2,177.9,909.7,744.5,28.0,39.42
314.0,178.9,869.1,690.2,28.0,46.23
312.7,127.3,999.7,822.2,28.0,44.52
145.7,181.9,985.8,816.8,28.0,23.74
143.8,178.1,941.5,774.3,28.0,26.15
148.1,181.4,838.9,884.3,28.0,15.53
277.0,190.6,946.5,665.6,28.0,43.58
298.1,163.6,953.2,784.0,28.0,35.87
313.3,178.5,1001.9,688.7,28.0,41.05
155.2,193.8,879.6,698.5,28.0,28.99
289.0,194.9,924.1,760.1,28.0,46.25
147.8,171.2,1000.0,828.5,28.0,26.92
145.4,201.7,824.0,868.7,28.0,10.54
312.7,178.1,999.7,822.2,28.0,25.1
136.4,171.6,922.6,764.4,28.0,29.07
154.8,193.3,877.2,867.7,28.0,9.74
255.3,188.6,919.0,749.3,28.0,33.8
272.8,209.7,904.0,679.7,28.0,37.17
162.0,178.8,838.1,741.4,28.0,33.76
153.6,220.1,923.2,657.9,28.0,16.5
146.5,201.9,860.0,829.5,28.0,19.99
151.8,167.5,944.0,694.6,28.0,36.35
309.9,167.8,913.9,651.2,28.0,38.22
143.6,158.4,942.7,844.5,28.0,15.42
303.6,213.5,895.5,722.5,28.0,33.42
374.3,190.2,1013.2,730.4,28.0,39.06
158.6,175.1,953.3,719.7,28.0,27.68
152.6,200.0,1001.8,683.9,28.0,26.86
310.0,167.9,914.3,804.0,28.0,45.3
304.8,196.0,959.4,705.2,28.0,30.12
150.9,166.6,991.2,772.2,28.0,15.57
141.9,173.5,882.6,785.3,28.0,44.61
297.8,201.3,878.4,655.3,28.0,53.52
321.3,190.5,870.0,774.0,28.0,57.22
366.0,191.3,824.3,756.9,28.0,65.91
279.8,172.4,825.1,804.9,28.0,52.83
252.1,193.8,835.5,821.4,28.0,33.4
164.6,181.6,1023.3,728.9,28.0,18.03
155.6,180.3,1022.0,697.7,28.0,37.36
160.2,203.2,828.7,709.7,28.0,35.31
298.1,186.4,879.0,815.2,28.0,42.64
317.9,209.7,860.5,736.6,28.0,40.06
287.3,187.6,904.4,695.9,28.0,43.8
325.6,174.0,881.6,790.0,28.0,61.24
355.9,193.3,801.4,778.4,28.0,40.87
132.0,178.9,866.9,735.6,28.0,33.31
322.5,185.8,951.0,709.5,28.0,52.43
164.2,181.2,849.3,846.0,28.0,15.09
313.8,169.9,925.3,782.9,28.0,38.46
321.4,182.5,870.1,779.7,28.0,37.27
139.7,236.7,868.6,655.6,28.0,35.23
288.4,177.4,907.9,829.5,28.0,42.14
298.2,209.7,879.6,744.2,28.0,31.88
264.5,195.5,832.6,790.4,28.0,41.54
159.8,168.4,1049.3,688.2,28.0,39.46
166.0,183.2,858.8,826.8,28.0,37.92
276.4,179.6,870.1,768.3,28.0,44.28
322.2,196.0,817.9,813.4,28.0,31.18
148.5,192.7,892.4,780.0,28.0,23.7
159.1,175.6,989.6,788.9,28.0,32.77
260.9,200.6,864.5,761.5,28.0,32.4
